,owner_address,contract_address,token_id,token_type,balance,collection_name,collection_slug,is_spam,floor_price,price_currency,description,last_ingested_at,total_supply,image_url,twitter_sentiment,twitter_tweet_volume,twitter_positive_tweets,twitter_negative_tweets,twitter_neutral_tweets
0,,0xbc4ca0eda7647a8ab7c2061c2e118a18a936f13d,9989,erc721,1,Bored Ape Yacht Club,boredapeyachtclub,False,11.0199933,ETH,"The Bored Ape Yacht Club is a collection of 10,000 unique Bored Ape NFTs— unique digital collectibles living on the Ethereum blockchain. Your Bored Ape doubles as your Yacht Club membership card, and grants access to members-only benefits, the first of which is access to THE BATHROOM, a collaborative graffiti board. Future areas and perks can be unlocked by the community through roadmap activation. Visit www.BoredApeYachtClub.com for more details.",2025-07-17T14:52:42.635526,10000,https://i2.seadn.io/ethereum/0xbc4ca0eda7647a8ab7c2061c2e118a18a936f13d/0c0ddcddcabbc67bfb239a7da67047/c40c0ddcddcabbc67bfb239a7da67047.png,0.0,0,0,0,0
1,,0xb47e3cd837ddf8e4c57f05d70ab865de6e193bbb,9995,cryptopunks,1,CryptoPunks,cryptopunks,False,40.99,ETH,"CryptoPunks launched as a fixed set of 10,000 items in mid-2017 and became one of the inspirations for the ERC-721 standard. They have been featured in places like The New York Times, Christie’s of London, Art|Basel Miami, and The PBS NewsHour.",2025-07-17T14:52:43.688615,10000,https://i2.seadn.io/ethereum/0xb47e3cd837ddf8e4c57f05d70ab865de6e193bbb/25107d94f52e416ca0ef40f1d72206/3425107d94f52e416ca0ef40f1d72206.png,0.0,0,0,0,0
2,,0x60e4d786628fea6478f785a6d7e704777c86a7c6,23798,erc721,1,Mutant Ape Yacht Club,mutant-ape-yacht-club,False,1.7039950000000001,ETH,"The MUTANT APE YACHT CLUB is a collection of up to 20,000 Mutant Apes that can only be created by exposing an existing Bored Ape to a vial of MUTANT SERUM or by minting a Mutant Ape in the public sale.",2025-07-17T14:52:44.209847,19553,https://i2.seadn.io/ethereum/0x60e4d786628fea6478f785a6d7e704777c86a7c6/321cccaf7eeeb16107c73d18e0ef52/e1321cccaf7eeeb16107c73d18e0ef52.png,0.0,0,0,0,0
3,,0xed5af388653567af2f388e6224dc7c4b3241c544,9999,erc721,1,Azuki,azuki,False,1.897999,ETH,"Take the red bean to join the garden. View the collection at [azuki.com/gallery](https://azuki.com/gallery).

Azuki starts with a collection of 10,000 avatars that give you membership access to The Garden: a corner of the internet where artists, builders, and web3 enthusiasts meet to create a decentralized future. Azuki holders receive access to exclusive drops, experiences, and more. Visit [azuki.com](https://azuki.com) for more details.

We rise together. We build together. We grow together.",2025-07-17T14:52:44.704628,10000,https://i2.seadn.io/base/0x6c7726dcbee2ba4aa240f880ac28dd3230b6cb76/db5016f520771b5bf8e4adafe7dbdf/8adb5016f520771b5bf8e4adafe7dbdf.png,0.0,0,0,0,0
4,,0x34d85c9cdeb23fa97cb08333b511ac86e1c4e258,9883,erc721,1,Otherdeed for Otherside,otherdeed,False,0.153423,ETH,"Otherdeed is the key to claiming land in Otherside. Each have a unique blend of environment and sediment — some with resources, some home to powerful artifacts. And on a very few, a Koda roams.",2025-07-17T14:52:45.233828,100000,https://i2.seadn.io/ethereum/0x34d85c9cdeb23fa97cb08333b511ac86e1c4e258/0ccd24d2e72882b8f5f3b00e7ab054/bc0ccd24d2e72882b8f5f3b00e7ab054.avif,0.0,0,0,0,0
5,,0xbd3531da5cf5857e7cfaa92426877b022e612cf8,8884,erc721,1,Pudgy Penguins,pudgypenguins,False,14.279999,ETH,"Pudgy Penguins is a collection of 8,888 NFT’s, accelerating Web3 innovation through IP utilization and community empowerment. Embodying love, empathy, & compassion, the Pudgy Penguins are a beacon of good vibes & positivity for everyone. Each holder receives exclusive access to experiences, events, IP licensing opportunities and more. Let’s break through the boundaries of Web3 together.

Pudgy Collections:
[Lil Pudgys](https://opensea.io/collection/lilpudgys) | [Pudgy Rods](https://opensea.io/collection/pudgyrods)",2025-07-17T14:52:46.145725,8888,https://i2.seadn.io/ethereum/0xbd3531da5cf5857e7cfaa92426877b022e612cf8/8d137d859d66d2b3f07d2f5b691fae29.png,0.0,0,0,0,0
6,,0x49cf6f5d44e70224e2e23fdcdd2c053f30ada28b,19764,erc721,1,CLONE X - X TAKASHI MURAKAMI,clonex,False,0.145998,ETH,"???? CLONE X ????

20,000 next-gen Avatars, by RTFKT and Takashi Murakami ????",2025-07-17T14:52:46.724924,19764,https://i2.seadn.io/ethereum/0x49cf6f5d44e70224e2e23fdcdd2c053f30ada28b/51a7842e18e74b04c93502c299be8f/6851a7842e18e74b04c93502c299be8f.png,0.0,0,0,0,0
7,,0x8a90cab2b38dba80c64b7734e58ee1db38b8992e,9926,erc721,1,Doodles,doodles-official,False,0.96,ETH,"The collectibles that started it all. Doodles Original Collection features 10,000 characters created by Co-Founder and renowned artist, Burnt Toast. The generative art was designed with a joyful range of colors, traits and personalities, with 32 hand-drawn, unique, 1 of 1’s to round out the set.",2025-07-17T14:52:47.287970,10000,https://i2.seadn.io/ethereum/0x8a90cab2b38dba80c64b7734e58ee1db38b8992e/191e9537f36ebc3e3fc056b09b6deb36.png,0.0,0,0,0,0
8,,0x23581767a106ae21c074b2276d25e5c3e136a68b,9994,erc721,1,Moonbirds,proof-moonbirds,False,1.318,ETH,"Moonbirds is a home for creatives, dreamers, and collectors seeking real connection as we all contribute to the future of web3 art, culture, and technology.

Moonbird art is entirely in-chain, meaning the images are outputted directly from the smart contract, with no need for storage on IPFS or the like. There are also a number of customisable backgrounds available to holders based on their on-chain activity (such as other NFT holdings)—which disappear when the bird is transferred. You can check what each bird looks like with the different backgrounds on our [site](https://proof.xyz/moonbirds)",2025-07-17T14:52:48.429593,10000,https://i2.seadn.io/ethereum/0x23581767a106ae21c074b2276d25e5c3e136a68b/b2fa503850573bc4a161c449acbf4c/7db2fa503850573bc4a161c449acbf4c.png,0.0,0,0,0,0
9,,0xb7f7f6c52f2e2fdb1963eab30438024864c313f6,6482,erc721,1,Wrapped Cryptopunks,wrapped-cryptopunks,False,45.0,ETH,"Wrapped Punks are ERC721 Tokens, each one backed 1:1 by an original Cryptopunk by Larvalabs.

Buy an original Cryptopunk at https://larvalabs.com/cryptopunks

Turn your Original Cryptopunk into an ERC721 at https://wrappedpunks.com/

CryptoPunks launched as a fixed set of 10,000 items in mid-2017 and became one of the inspirations for the ERC-721 standard.",2025-07-17T14:52:49.468174,594,https://i2.seadn.io/ethereum/0xb7f7f6c52f2e2fdb1963eab30438024864c313f6/5f128bddf6387c627fdc6226a3e46b/a45f128bddf6387c627fdc6226a3e46b.png,0.0,0,0,0,0
10,,0xba30e5f9bb24caa003e9f2f0497ad287fdf95623,8009,erc721,1,Bored Ape Kennel Club,bored-ape-kennel-club,False,0.3736495,ETH,"It gets lonely in the swamp sometimes. That's why every ape should have a four-legged companion. To curl up at your feet. To bring you a beer. To fire a missile launcher at that bastard Jimmy the Monkey.

That's why we've started the Bored Ape Kennel Club, and why we're offering up a dog NFT for adoption to every single member of the BAYC – for free (you only pay gas).

Learn more at: http://boredapeyachtclub.com/#/kennel-club",2025-07-17T14:52:50.495835,9602,https://i2.seadn.io/ethereum/0xba30e5f9bb24caa003e9f2f0497ad287fdf95623/e1480db0fbde2708d2e64d46bbcabe61.png,0.0,0,0,0,0
11,,0x7bd29408f11d2bfc23c34f18275bbf23bb716bc7,8618,erc721,1,Meebits,meebits,False,0.534999,ETH,"The Meebits are 20,000 unique 3D voxel characters, created by a custom generative algorithm, then registered on the Ethereum blockchain.",2025-07-17T14:52:51.401784,20000,https://i2.seadn.io/ethereum/0x7bd29408f11d2bfc23c34f18275bbf23bb716bc7/9c72ece4433221ea2f8877115afe9fc5.png,0.0,0,0,0,0
12,,0x1a92f7381b9f03921564a437210bb9396471050c,9967,erc721,1,Cool Cats,cool-cats-nft,False,0.38199899,ETH,"Cool Cats is a collection of 9,999 randomly generated and stylistically curated NFTs that exist on the Ethereum Blockchain. Cool Cat holders can participate in exclusive events such as NFT claims, raffles, community giveaways, and more. Remember, all cats are cool, but some are cooler than others.",2025-07-17T14:52:51.949178,9968,https://i2.seadn.io/ethereum/0x1a92f7381b9f03921564a437210bb9396471050c/4c50919a66f01822ac5e8514d92b71b7.png,0.0,0,0,0,0
13,,0x306b1ea3ecdf94ab739f1910bbda052ed4a9f949,19945,erc721,1,BEANZ Official,beanzofficial,False,0.098639,ETH,"BEANZ are a small species that sprouts from the dirt in the garden. They make for a great sidekick to an Azuki, although some like to kick it alone. They're earnestly driven by the desire to help. However, certain BEANZ feel a calling to pave their own path...",2025-07-17T14:52:52.962922,19950,https://i2.seadn.io/ethereum/0x306b1ea3ecdf94ab739f1910bbda052ed4a9f949/4ea830dbd59d24dc89bd0ab7f65e68ba.png,0.0,0,0,0,0
14,,0x5af0d9827e0c53e4799bb226655a1de152a425a5,9999,erc721,1,Milady Maker,milady,False,2.5,ETH,"Milady Maker is a collection of 10,000 generative pfpNFT's in a neochibi aesthetic inspired by street style tribes.",2025-07-17T14:52:53.967256,10000,https://i2.seadn.io/ethereum/0x5af0d9827e0c53e4799bb226655a1de152a425a5/dc2b951e454f8f6374f250c3070218/59dc2b951e454f8f6374f250c3070218.png,0.0,0,0,0,0
15,,0xfb3765e0e7ac73e736566af913fa58c3cfd686b7,9924,erc721,1,Audioglyphs,audioglyphs,False,0.008599,ETH,"10,000 randomly generated, infinite audio NFTs derived from on-chain [Pixelglyph](https://opensea.io/collection/pixelglyphs) data.

Each Audioglyph synthesizes a unique, infinite stream of music directly in your browser at lossless quality.

## Future of Music
Audioglyphs are a glimpse into a future of music where instead of publishing statically recorded songs and limiting access, artists create infinite variations that are available to all to explore freely.

Instead of buying the rights to listen to music, listeners can truly own a unique version.

## Open Technology

We plan to open source the core technology Audioglyphs uses for managing and embedding audio processing on the web.

With the success of Audioglyphs, we plan to continue to develop tools for artists to create and publish generative music.

## Carbon neutral

Carbon emissions from minting will be offset with a donation supporting the Devarahipparigi Wind Power Project in Karnataka, India facilitated by Offsetra",2025-07-17T14:52:54.559106,10000,https://raw2.seadn.io/ethereum/0xfb3765e0e7ac73e736566af913fa58c3cfd686b7/d9e723467e8f731039c13d3a0d8118f9.svg,0.0,0,0,0,0
16,,0x524cab2ec69124574082676e6f654a18df49a048,887,erc721,1,Lil Pudgys,lilpudgys,False,1.52896,ETH,"Lil Pudgys is a collection of 22,222 NFTs originating from Pudgy Penguins. Don’t let their small stature fool you, Lil Pudgys are an integral piece of the Pudgy Penguins history. Their story began during the most frigid of winters. In the midst of adversity, the birth of the Lil Pudgys helped spark new-life into the Pudgy Penguins community. 

With their unique traits and personalities, there’s a Lil Pudgy for everyone. Lil Pudgy holders receive exclusive access to experiences, events, IP licensing opportunities and more. 

Pudgy Collections:
[Pudgy Penguins](https://opensea.io/collection/pudgypenguins) | [Pudgy Rods](https://opensea.io/collection/pudgyrods)

Crosschain Lil Pudgys:
[Bridge](https://bridge.pudgypenguins.com) | [Polygon](https://opensea.io/collection//lilpudgys-polygon) | [Binance](https://opensea.io/collection//lilpudgys-binance) | [Arbitrum](https://opensea.io/collection//lilpudgys-arbitrum)",2025-07-17T14:52:55.171920,21911,https://i2.seadn.io/ethereum/0x524cab2ec69124574082676e6f654a18df49a048/046f95861c9db482cdb571ebc1d9c4/79046f95861c9db482cdb571ebc1d9c4.png,0.0,0,0,0,0
17,,0x8821bee2ba0df28761afff119d66390d594cd280,3379,erc721,1,DeGods,degods-eth,False,0.29145,ETH,"A collection of degenerates, punks, and misfits. Gods of the metaverse & masters of our own universe.",2025-07-17T14:52:56.269984,,https://i2.seadn.io/ethereum/0x8821bee2ba0df28761afff119d66390d594cd280/1f44a5e4217a589dcfc40b6dfa9b05/ea1f44a5e4217a589dcfc40b6dfa9b05.png,0.0,0,0,0,0
18,,0xc2c747e0f7004f9e8817db2ca4997657a7746928,16383,erc721,1,Hashmasks,hashmasks,False,0.06090597,ETH,"Hashmasks are ancient traits and memories of the first travelers to Earth. Their journey here was long and hard. The Hashmasks forgot their names by the time they arrived. They left clues for us to unravel so that we could discover their meaning.​

Are you a curious lover of fine art? Join our community of passionate detectives. Come add to the Hashmasks story and discover the character behind your own mask!",2025-07-17T14:52:57.303450,16384,https://i2.seadn.io/ethereum/0xc2c747e0f7004f9e8817db2ca4997657a7746928/4e38c482c6ae1c3a759b3c811ccca6/404e38c482c6ae1c3a759b3c811ccca6.jpeg,0.0,0,0,0,0
19,,0x9d305a42a3975ee4c1c57555bed5919889dce63f,6476,erc721,1,,sandbox,False,,,,2025-07-17T14:52:57.896004,,https://i2.seadn.io/polygon/0x9d305a42a3975ee4c1c57555bed5919889dce63f/7c4142b7de09f5baa5ce897514b836/5e7c4142b7de09f5baa5ce897514b836.webp,0.0,0,0,0,0
20,,0xff9c1b15b16263c61d017ee9f65c50e4ae0113d7,7836,erc721,1,Loot (for Adventurers),lootproject,False,0.0666,ETH,"Loot is randomized adventurer gear generated and stored on chain. Stats, images, and other functionality are intentionally omitted for others to interpret. Feel free to use Loot in any way you want.",2025-07-17T14:52:58.412776,7779,https://raw2.seadn.io/ethereum/0xff9c1b15b16263c61d017ee9f65c50e4ae0113d7/dd8226bb113ddd1286bbcccb834b20/82dd8226bb113ddd1286bbcccb834b20.svg,0.0,0,0,0,0
21,,0x1cb1a5e65610aeff2551a50f76a87a7d3fb649c6,6912,erc721,1,CrypToadz by GREMPLIN,cryptoadz-by-gremplin,False,0.5025,ETH,"CrypToadz are a collection 6969 small amphibious creatures trying to escape the tyrannical rule of the Evil King Gremplin. Created by Gremplin, with a small bit of help from his friends.

This project is in the public domain. Feel free to use the toadz in any way you want.",2025-07-17T14:52:59.409219,7025,https://i2.seadn.io/ethereum/0x1cb1a5e65610aeff2551a50f76a87a7d3fb649c6/645b936922cf5b264dd1a2b3700e98ac.png,0.0,0,0,0,0
22,,0x769272677fab02575e84945f03eca517acc544cc,9581,erc721,1,Memeland Captainz,memelandcaptainz,False,0.282969,ETH,"9,999 PIRATE CAPTAINZ SEARCHING FOR THE LEGENDARY MEMELAND.

9,999 Captainz, with their pirate crewz, explore the Broken Seas in search of the legendary treasure known as “Memeland”. Join them in their quests for glory, fortune, love, and of course… memes.",2025-07-17T14:53:00.016365,9999,https://i2.seadn.io/ethereum/0x769272677fab02575e84945f03eca517acc544cc/c96cff1d2bc9feec95d60cf1a289f7/4ec96cff1d2bc9feec95d60cf1a289f7.png,0.0,0,0,0,0
23,,0xe785e82358879f061bc3dcac6f0444462d4b5330,9997,erc721,1,World of Women,world-of-women-nft,False,0.339897989898989,ETH,"World of Women is a collection of 10,000 NFTs that gives you full access to our network of artists, creators, entrepreneurs, and executives who are championing diversity and equal opportunity on the blockchain.

Created and illustrated by Yam Karkai (@ykarkai), World of Women has made prominent appearances at Christie's, The New Yorker and Billboard.

The Time is WoW.",2025-07-17T14:53:01.086919,10000,https://i2.seadn.io/ethereum/0xe785e82358879f061bc3dcac6f0444462d4b5330/c1f0c60664a75062f7cc437ddb656722.png,0.0,0,0,0,0
24,,0x76be3b62873462d2142405439777e971754e8e77,11120,erc1155,1,Parallel Alpha,parallelalpha,False,0.00045,ETH,Parallel is a Sci-Fi Franchise and Trading Card Game (TCG) empowering collectors to truly own their cards and other game items. The cards can be used to build a deck and play in an online PC game which is currently in Beta.,2025-07-17T14:53:02.146661,,https://i2.seadn.io/ethereum/0x76be3b62873462d2142405439777e971754e8e77/847e6bb8c2143e6d20f812520cb39a/f6847e6bb8c2143e6d20f812520cb39a.png,0.0,0,0,0,0
25,,0x3bf2922f4520a8ba0c2efc3d2a1539678dad5e9d,7753,erc721,1,0N1 Force,0n1-force,False,0.1221449,ETH,"The 0N1 Force are 7,777 generative side-profile characters with over 100 hand-drawn features fighting for their existence. Strength, spirit, and style are what you’ll need to survive in The Ethereal Enclave. 

In addition to the high-resolution artwork, each 0N1 NFT grants access to benefits found on the 0N1force website and Discord--the first of which is participation in a collaborative RPG that takes players into the 0N1verse. 

ON1 FORCE may now claim their FRAMES! 

CLAIM: [NANOHUB](https://nanohub.0n1force.com)  
COLLECTION: [0N1 FRAMES](https://opensea.io/collection/0n1-frame)  
WEBSITE: [0N1 FORCE](https://0N1Force.com)  

**IMPORTANT:** 0N1 FRAMES are owned by their 0N1 FORCE NFTs. By transfer or selling your original 0N1 Force NFT you also give ownership of the 0N1 FRAMES to the wallet owner.",2025-07-17T14:53:02.670499,7777,https://i2.seadn.io/ethereum/0x3bf2922f4520a8ba0c2efc3d2a1539678dad5e9d/169117861ed72787199c52b6dc6067b9.png,0.0,0,0,0,0
26,,0x059edd72cd353df5106d2b9cc5ab83a52287ac3a,9999,erc721,1,Chromie Squiggle by Snowfro,chromie-squiggle-by-snowfro,False,4.2,ETH,,2025-07-17T14:53:03.451805,11012,https://i2.seadn.io/ethereum/0x059edd72cd353df5106d2b9cc5ab83a52287ac3a/8a62f20a2d71bcc2df293257f71d11/458a62f20a2d71bcc2df293257f71d11.png,0.0,0,0,0,0
27,,0xa3aee8bce55beea1951ef834b99f3ac60d1abeeb,6104,erc721,1,VeeFriends,veefriends,False,1.511,ETH,A Gary Vaynerchuk NFT project around meaningful intellectual property and an extraordinary community.,2025-07-17T14:53:04.715383,10255,https://i2.seadn.io/ethereum/0xa3aee8bce55beea1951ef834b99f3ac60d1abeeb/985f9b741d6268bfdf74e921326a69/5d985f9b741d6268bfdf74e921326a69.png,0.0,0,0,0,0
28,,0x22c36bfdcef207f9c0cc941936eff94d4246d14a,1,erc1155,1,Bored Ape Chemistry Club,bored-ape-chemistry-club,False,2.25,ETH,"Bored Ape Chemistry Club consists of 10,000 Mutant Serums, to be airdropped to all Bored Apes. Handle with care. Instructions to follow at 6pm ET 8/28/21.",2025-07-17T14:53:05.218164,,https://i2.seadn.io/ethereum/0x22c36bfdcef207f9c0cc941936eff94d4246d14a/dfa81fa4d520d3fd1b281b17eda70e/55dfa81fa4d520d3fd1b281b17eda70e.png,0.0,0,0,0,0
29,,0xb6a37b5d14d502c3ab0ae6f3a0e058bc9517786e,3460,erc721,1,Azuki Elementals,azukielementals,False,0.17999,ETH,"Azuki Elementals are a collection of 20,000 characters within the four domains of the Garden.

Take the red bean. azuki.com/elementals/reveal",2025-07-17T14:53:05.807082,17655,https://i2.seadn.io/ethereum/0xb6a37b5d14d502c3ab0ae6f3a0e058bc9517786e/3aa52c72822932d1db1934f1e43a77/453aa52c72822932d1db1934f1e43a77.png,0.0,0,0,0,0
30,,0xa7d8d9ef8d8ce8992df33d8b8cf4aebabd5bd270,78000998,erc721,1,Art Blocks,fidenza-by-tyler-hobbs,False,0.0,ETH,"Art Blocks is dedicated to bringing compelling works of contemporary generative art to life. We unite artists, collectors, and blockchain technology in service of groundbreaking artwork and remarkable experiences.",2025-07-17T14:53:06.321893,198051,https://i2.seadn.io/ethereum/0xa7d8d9ef8d8ce8992df33d8b8cf4aebabd5bd270/5df3dfdcf2839258919c6f0138054369.png,0.0,0,0,0,0
31,,0x9a534628b4062e123ce7ee2222ec20b86e16ca8f,7550,erc721,1,MekaVerse,mekaverse,False,0.023998,ETH,"The MekaVerse is a collection of 8,888 generative Mekas inspired by the Japanese Anime universe. View the collection at https://themekaverse.com/gallery.

In the distant future, drivers fight in a world divided into 4 Factions. Originals Meka, Mirage, F9, and Gadians are the Titans who rule this planet. Which Faction are you going to join?

World map: https://worldmap.themekaverse.com/

Visit https://themekaverse.com/ for more details.",2025-07-17T14:53:06.797124,8888,https://i2.seadn.io/ethereum/0x9a534628b4062e123ce7ee2222ec20b86e16ca8f/86d8149b3dd52ab2cef10e1bd05fef9f.png,0.0,0,0,0,0
32,,0x79fcdef22feed20eddacbb2587640e45491b757f,10013,erc721,1,mfers,mfers,False,0.4759949,ETH,"mfers are generated entirely from hand drawings by sartoshi. this project is in the public domain; feel free to use mfers any way you want.

unofficial mfers discord is [here](https://t.co/k18FPgnBy7)

backstory on mfers is [here](https://mirror.xyz/sartoshi.eth/QukjtL1076-1SEoNJuqyc-x4Ut2v8_TocKkszo-S_nU)",2025-07-17T14:53:07.298938,10021,https://i2.seadn.io/ethereum/0x79fcdef22feed20eddacbb2587640e45491b757f/616f9ed8a2fa3ed70f1ab80e6af347b9.png,0.0,0,0,0,0
33,,0x57f1887a8bf19b14fc0df6fd9b2acc9af147ea85,18358828188798648656663441076149737567146842501613528714842585323973085555811,erc721,1,ENS: Ethereum Name Service,ens,False,6.199e-05,ETH,"Ethereum Name Service (ENS) domains are secure domain names for the decentralized world. ENS domains provide a way for users to map human readable names to blockchain and non-blockchain resources, like Ethereum addresses, IPFS hashes, or website URLs. ENS domains can be bought and sold on secondary markets.",2025-07-17T14:53:07.842916,,https://raw2.seadn.io/ethereum/0x57f1887a8bf19b14fc0df6fd9b2acc9af147ea85/cbabf49f50a0db82cbbfe209028d5a/4acbabf49f50a0db82cbbfe209028d5a.svg,0.0,0,0,0,0
34,,0xbd4455da5929d5639ee098abfaa3241e9ae111af,816,erc721,1,NFT Worlds,nft-worlds,False,0.0295,ETH,NFT Worlds has rebranded to TOPIA: https://opensea.io/collection/topia-worlds,2025-07-17T14:53:08.370223,10000,https://i2.seadn.io/ethereum/0xbd4455da5929d5639ee098abfaa3241e9ae111af/5a7514a6e5d451b341188ba5981c3872.gif,0.0,0,0,0,0
35,,0x4db1f25d3d98600140dfc18deb7515be5bd293af,8191,erc721,1,HAPE PRIME,hapeprime,False,0.0628,ETH,"8K NEXT-GENERATION, HIGH FASHION HAPES

Unique, fully 3D and built to unite the ape multiverse.
Designed and styled by Digimental.",2025-07-17T14:53:08.946550,8192,https://i2.seadn.io/ethereum/0x4db1f25d3d98600140dfc18deb7515be5bd293af/ab9801b77db74d5de78e9bd635664cea.png,0.0,0,0,0,0
36,,0x86825dfca7a6224cfbd2da48e85df2fc3aa7c4b1,1,erc1155,1,RTFKT - MNLTH,rtfkt-mnlth,False,0.018795,ETH,"Behold a mysterious MNLTH, etched with NIKE & RTFKT markings. It seems to be sentient . . . What does it do? ????‍????",2025-07-17T14:53:09.446488,,https://i2.seadn.io/ethereum/0x86825dfca7a6224cfbd2da48e85df2fc3aa7c4b1/65f8113615486a11a771d642d93a11e5.png,0.0,0,0,0,0
37,,0x6339e5e072086621540d0362c4e3cea0d643e114,16000,erc721,1,Opepen Edition,opepen-edition,False,0.23996949,ETH,Consensus is temporary.,2025-07-17T14:53:09.937950,15786,https://i2.seadn.io/ethereum/0x6339e5e072086621540d0362c4e3cea0d643e114/60203bfb393f2db2aad43aabd061d3/0960203bfb393f2db2aad43aabd061d3.gif,0.0,0,0,0,0
38,,0x28472a58a490c5e09a238847f66a68a47cc76f0f,1,erc1155,1,adidas Originals Into the Metaverse,adidasoriginals,False,0.017899,ETH,"**Attention: Phase 1 & 2 NFTs are no longer supported by the ‘ALTS by adidas’ roadmap. The burning window for 'adidas Originals: Into the Metaverse' Phase 1 & 2 holders into ALTS by adidas closed permanently on September 18th, 2023.**

**To participate in the web3 adidas ecosystem, you can [purchase an ALTS by adidas NFT](https://rarible.com/alts-by-adidas).**",2025-07-17T14:53:10.927601,,https://i2.seadn.io/optimism/0x61dc6be8d590bf6fd716f1d042bf0e5ca5ef647f/42d4c3a59b27e29575afbca2128849/da42d4c3a59b27e29575afbca2128849.jpeg,0.0,0,0,0,0
39,,0x5946aeaab44e65eb370ffaa6a7ef2218cff9b47d,4125,erc721,1,Creepz by OVERLORD,genesis-creepz,False,0.978909,ETH,"Creepz rule, humans drool. [creepz.co](https://creepz.co)",2025-07-17T14:53:11.424656,,https://i2.seadn.io/ethereum/0x5946aeaab44e65eb370ffaa6a7ef2218cff9b47d/576bef237fdf3b1bd7972be7889059/17576bef237fdf3b1bd7972be7889059.png,0.0,0,0,0,0
40,,0x341a1c534248966c4b6afad165b98daed4b964ef,0,erc1155,1,Murakami.Flowers Seed,murakami-flowers-seed,False,0.75,ETH,"Murakami.Flowers is a work in which artist Takashi Murakami’s representative artwork, flowers, are expressed as dot art evocative of Japanese TV games created in the 1970s. The work is being developed with the number 108 as the keyword; a combination of 108 backgrounds and flower colors make up a field, and there are 108 fields. Each field has 108 flower images, resulting in 11,664 flower images in total. The number 108 is a reference to bonnō, or earthly temptations.

Murakami.Flowers NFTs are subject to the Collector Terms available here: https://murakamiflowers.kaikaikiki.com/collector.html. If you buy a Murakami.Flowers NFT, you do not receive commercial rights in the corresponding artwork.

©Takashi Murakami/Kaikai Kiki Co., Ltd. All Rights Reserved.",2025-07-17T14:53:12.472765,,https://i2.seadn.io/ethereum/0x341a1c534248966c4b6afad165b98daed4b964ef/38f3a56f27dc151241943d227bb2dcdb.png,0.0,0,0,0,0
41,,0x348fc118bcc65a92dc033a951af153d14d945312,7451,erc1155,1,RTFKT - CloneX Mintvial,clonex-mintvial,False,0.2489,ETH,"Mint Vials are used to redeem Clone X Avatars.
 1 Mint Vial = 1 Random Clone.",2025-07-17T14:53:13.108512,,https://i2.seadn.io/ethereum/0x348fc118bcc65a92dc033a951af153d14d945312/0707d73f1f50345bd3a14382432f1c18.png,0.0,0,0,0,0
42,,0x82c7a8f707110f5fbb16184a5933e9f78a34c6ab,32262544790491701,erc721,1,Emblem Vault Legacy,emblem-vault,False,0.0,ETH,"Discover NFT projects from [XCP](https://is.gd/xcpvaults), [Ordinals](https://is.gd/ordinalsbtc), [ETH](https://is.gd/ethereumv), [XDP](https://is.gd/xdpvlt). [NMC](https://is.gd/nmcvlt), [LTC](https://is.gd/allltc), [XMP](https://is.gd/xmpvlt), [STX](https://is.gd/stxvlt), & Many More! 

Verified Collections
Counterparty:[Pepe’s](https://is.gd/rarepepe), [SoG](https://is.gd/SpellsOfGenesis), [Sarutobi](https://is.gd/sarutobi), [Fake Rares](https://is.gd/fakerare), [AoC](https://is.gd/AOChains), [Bitcorns](https://is.gd/Bitcorn), [Memorychain](https://is.gd/memorychain)

Ordinals: [Twelvefold](https://is.gd/twelvefold), [BTC Punks](https://is.gd/bitcoinpunk), [MegaPunks](https://is.gd/megapunk)

Namecoin: [Eggs](https://is.gd/twtreg), [Blockheads](https://is.gd/blockheadss), [Punycodes](https://is.gd/punycds),

BNS: [Bitcoin Name Service](https://is.gd/bnslist)

Litecoin: [LTC Punks](https://is.gd/ltcpunk)",2025-07-17T14:53:13.603927,40258,https://i2.seadn.io/ethereum/0x82c7a8f707110f5fbb16184a5933e9f78a34c6ab/918b9631fa5cf669b99d18e904b694/d3918b9631fa5cf669b99d18e904b694.png,0.0,0,0,0,0
43,,0xccc441ac31f02cd96c153db6fd5fe0a2f4e6a68d,8658,erc721,1,FLUF World,fluf,False,0.1042963,ETH,"Flufs are the collection that started it all. 10,000 3D rabbit avatars, programmatically-generated from over 270 traits! Unique by at least three degrees of separation, Flufs are yours to trade, collect and customise through our growing Scenes & Sounds collection.

But Flufs aren’t just furry faces... Metaverse-ready and full of surprises, they’re your ticket to a world of exclusive content, digital connectivity, IRL experiences and more.

Ready to join the Fluffle?

---

[**Official Collections**](https://opensea.io/category/futureverse)",2025-07-17T14:53:14.645465,10000,https://i2.seadn.io/ethereum/0xccc441ac31f02cd96c153db6fd5fe0a2f4e6a68d/cd233a721db3ae88d416ba9c44cedd/1dcd233a721db3ae88d416ba9c44cedd.png,0.0,0,0,0,0
44,,0x59468516a8259058bad1ca5f8f4bff190d30e066,4994,erc721,1,Invisible Friends,invisiblefriends,False,0.096927,ETH,"Hiding in the metaverse.

Invisible Friends is a collection of 5000 animated invisible characters by Markus Magnusson.

Invisible Friends is a Random Character Collective project.

See also [Invisible Friends Specials](https://opensea.io/collection/invisiblefriends-specials).",2025-07-17T14:53:15.173983,5000,https://i2.seadn.io/ethereum/0x59468516a8259058bad1ca5f8f4bff190d30e066/d5bb524af2cbfda25cebcf3f69115d/00d5bb524af2cbfda25cebcf3f69115d.gif,0.0,0,0,0,0
45,,0xd2f668a8461d6761115daf8aeb3cdf5f40c532c6,5498,erc721,1,Karafuru,karafuru,False,0.027429,ETH,"Karafuru is home to 5,555 generative arts where colors reign supreme. Leave the drab reality and enter the world of Karafuru by Museum of Toys.",2025-07-17T14:53:16.206947,5555,https://i2.seadn.io/ethereum/0xd2f668a8461d6761115daf8aeb3cdf5f40c532c6/8b93d3998a81eda0c06a5c325ce64a7e.jpeg,0.0,0,0,0,0
46,,0x04afa589e2b933f9463c5639f412b183ec062505,172,erc1155,1,My Curio Cards,curiocardswrapper,False,0.12999999,ETH,"[Curio Cards](https://curio.cards) are the First art show NFTs on Ethereum, launched May 9, 2017 and pre-dating CryptoPunks. Featuring 30 unique series of cards from seven different artists, Curio Cards is referenced in the ERC-721 NFT Standard and pioneered features later adopted in the ERC-1155 NFT Standard. Check out the [Curio Docs](https://docs.curio.cards) and Join the [Curio Discord](https://discord.curio.cards) to learn more.

Given their age, Curio Cards are wrapped to work on newer platforms like OpenSea. If you purchased cards directly from the original contracts before March 2021, you can wrap them [here](https://wrap.curio.cards). Otherwise, you don't need to do anything. All cards on OpenSea are already wrapped and don't need to be unwrapped to collect.

The 1% artist royalty goes entirely to the original Curio Cards Artists.",2025-07-17T14:53:17.245652,,https://i2.seadn.io/ethereum/0x04afa589e2b933f9463c5639f412b183ec062505/ccb6dcfc8bdeda8742752828e3d491/dcccb6dcfc8bdeda8742752828e3d491.png,0.0,0,0,0,0
47,,0xd3d9ddd0cf0a5f0bfb8f7fceae075df687eaebab,9999,erc721,1,Redacted Remilio Babies,remilio-babies,False,0.57108,ETH,"Redacted Remilio Babies is a collection of 10,000 neochibi pfpNFT's expanding the Milady Maker paradigm with the introduction of young J.I.T. energy and schizophrenic reactionary aesthetics. We are #REMILIONAIREs.",2025-07-17T14:53:17.842746,10000,https://i2.seadn.io/ethereum/0xd3d9ddd0cf0a5f0bfb8f7fceae075df687eaebab/2b4c5bd9cffa260046415ec9530fc432.png,0.0,0,0,0,0
48,,0xc92ceddfb8dd984a89fb494c376f9a48b999aafc,9982,erc721,1,Creatures,creatures,False,0.0,ETH,A collection of my artworks.,2025-07-17T14:53:18.759986,10000,https://i2.seadn.io/ethereum/0xc92ceddfb8dd984a89fb494c376f9a48b999aafc/1f4c3948e4ea138771899ae5c60afb37.jpeg,0.0,0,0,0,0
49,,0x57a204aa1042f6e66dd7730813f4024114d74f37,5000,erc721,1,CyberKongz,cyberkongz-babies,False,3.1,ETH,"Welcome to an alternate reality, where evolution took a different route and weird apes roam the earth.
Some appear normal. Some look weird. And some are just damn cool! 
Every CyberKong is unique and owns randomized items with different rarities. A few are super rare and even animated!
**Maybe some of them look familiar!**  
   
[Website](https://cyberkongz.com) | [Discord](https://discord.gg/cyberkongz)",2025-07-17T14:53:20.009353,5000,https://i2.seadn.io/ethereum/0x57a204aa1042f6e66dd7730813f4024114d74f37/beced76771fe819216c35de06e9ce0c0.gif,0.0,0,0,0,0
